City_ID,City,Lat,Lng,Max Temp,Humidity,Cloudiness,Wind Speed,Country,Date
0,puerto ayora,-0.7393,-90.3518,25.310000000000002,90,13,3.13,EC,1688866150
1,punta arenas,-53.15,-70.9167,-1.9399999999999977,86,0,3.6,CL,1688866151
2,qaqortoq,60.7167,-46.0333,6.340000000000032,87,41,1.6,GL,1688866151
3,tangalle,6.024,80.7911,27.090000000000032,86,100,5.11,LK,1688866152
4,isafjordur,66.0755,-23.124,11.490000000000009,65,0,1.7,IS,1688866153
5,atherton,53.5237,-2.4935,17.470000000000027,97,100,0.76,GB,1688866153
6,port mathurin,-19.6833,63.4167,23.53000000000003,70,20,10.84,MU,1688866154
7,sechura,-5.5569,-80.8222,23.27000000000004,74,100,8.33,PE,1688866154
8,usinsk,65.9939,57.5281,9.510000000000048,81,99,3.36,RU,1688866155
9,qamdo,31.1667,97.2333,11.010000000000048,68,100,0.81,CN,1688866156
10,ushuaia,-54.8,-68.3,3.8100000000000023,70,40,7.72,AR,1688866156
11,kruisfontein,-34.0033,24.7314,8.82000000000005,72,78,9.45,ZA,1688866157
12,kingston,17.997,-76.7936,29.53000000000003,77,40,5.14,JM,1688866057
13,fukuecho,32.6881,128.8419,27.200000000000045,94,75,6.17,JP,1688866158
14,puerto natales,-51.7236,-72.4875,-3.4399999999999977,90,8,1.12,CL,1688866158
15,gogrial,8.5332,28.1004,22.160000000000025,85,100,1.75,SS,1688866159
16,haiku-pauwela,20.9219,-156.3051,28.010000000000048,59,40,10.29,US,1688866159
17,bilibino,68.0546,166.4372,24.49000000000001,30,37,6.68,RU,1688866160
18,iqaluit,63.7506,-68.5145,7.850000000000023,87,75,0.0,CA,1688866160
19,newman,37.3138,-121.0208,31.189999999999998,27,0,2.24,US,1688866161
20,new norfolk,-42.7826,147.0587,11.720000000000027,65,45,5.09,AU,1688866161
21,thompson,55.7435,-97.8558,15.090000000000032,88,75,2.06,CA,1688866161
22,palu,-0.8917,119.8707,27.77000000000004,75,100,0.63,ID,1688866162
23,tiksi,71.6872,128.8694,4.090000000000032,59,77,3.66,RU,1688866162
24,ath thawrah,35.8469,38.5443,24.879999999999995,67,0,9.46,SY,1688866163
25,college,64.8569,-147.8028,19.480000000000018,49,40,6.69,US,1688866163
26,saint-pierre,-21.3393,55.4781,19.200000000000045,68,0,4.63,RE,1688866164
27,hawaiian paradise park,19.5933,-154.9731,24.460000000000036,92,100,0.45,US,1688866164
28,bredasdorp,-34.5322,20.0403,8.110000000000014,84,78,4.56,ZA,1688866030
29,longyearbyen,78.2186,15.6401,6.910000000000025,93,75,6.17,SJ,1688866165
30,port-aux-francais,-49.35,70.2167,1.4300000000000068,66,98,5.86,TF,1688866165
31,quepos,9.4236,-84.1652,26.170000000000016,89,100,1.71,CR,1688865893
32,georgetown,5.4112,100.3354,26.640000000000043,92,40,1.03,MY,1688865996
33,whitehorse,60.7161,-135.0538,29.430000000000007,18,20,7.72,CA,1688866112
34,adamstown,-25.066,-130.1015,22.090000000000032,75,7,6.6,PN,1688866167
35,bethel,41.3712,-73.414,25.200000000000045,82,100,0.45,US,1688866168
36,wailua homesteads,22.0669,-159.378,29.24000000000001,71,0,7.2,US,1688866168
37,arraial do cabo,-22.9661,-42.0278,22.0,66,97,4.38,BR,1688866169
38,ilulissat,69.2167,-51.1,6.010000000000048,93,75,0.51,GL,1688866169
39,ushachy,55.1786,28.6035,10.480000000000018,95,0,2.64,BY,1688866170
40,saint-philippe,-21.3585,55.7679,18.77000000000004,76,44,4.68,RE,1688866170
41,san mariano,7.5,126.0,27.600000000000023,79,99,1.52,PH,1688866170
42,la ferte-bernard,48.1863,0.6536,19.79000000000002,91,1,1.92,FR,1688866171
43,la passe,45.5549,-0.8967,21.129999999999995,89,2,3.0,FR,1688866171
44,blackmans bay,-43.0167,147.3167,11.07000000000005,64,47,6.09,AU,1688866172
45,fazilka,30.4,74.0333,26.650000000000034,85,89,4.09,IN,1688866172
46,anadyr,64.75,177.4833,13.28000000000003,67,40,4.0,RU,1688866173
47,happy valley-goose bay,53.3168,-60.3315,21.170000000000016,83,100,3.09,CA,1688866095
48,waitangi,-43.9535,-176.5597,11.010000000000048,85,99,2.68,NZ,1688866173
49,howard springs,-12.497,131.047,26.010000000000048,49,64,5.24,AU,1688866174
50,quellon,-43.1167,-73.6167,8.140000000000043,93,100,2.57,CL,1688866174
51,west island,-12.1568,96.8225,23.99000000000001,88,75,7.72,CC,1688866175
52,port nelson,23.6333,-74.8333,28.430000000000007,71,34,4.34,BS,1688866175
53,nouadhibou,20.931,-17.0347,21.99000000000001,78,10,8.75,MR,1688866175
54,edinburgh of the seven seas,-37.0676,-12.3116,15.240000000000009,78,100,11.09,SH,1688866176
55,sparti,37.0733,22.4297,23.860000000000014,66,0,1.26,GR,1688866176
56,orichi,58.4036,49.0572,16.730000000000018,98,97,1.83,RU,1688866177
57,caxias do sul,-29.1681,-51.1794,12.410000000000025,97,72,0.91,BR,1688866177
58,muisne,0.6,-80.0333,25.840000000000032,87,33,2.67,EC,1688866178
59,fallon,39.4735,-118.7774,33.93000000000001,17,0,4.63,US,1688866178
60,port sudan,19.6175,37.2164,30.470000000000027,58,96,1.8,SD,1688866179
61,ringkobing,56.0901,8.244,13.340000000000032,79,0,3.77,DK,1688865915
62,baardheere,2.3446,42.2764,23.390000000000043,80,76,5.89,SO,1688866180
63,sao paulo de olivenca,-3.3783,-68.8725,22.900000000000034,97,58,0.94,BR,1688866180
64,hermanus,-34.4187,19.2345,8.78000000000003,73,93,7.41,ZA,1688866180
65,yellowknife,62.456,-114.3525,22.29000000000002,49,20,5.14,CA,1688865956
66,virac,13.6333,124.2167,25.30000000000001,75,96,2.23,PH,1688866181
67,tazovsky,67.4667,78.7,10.480000000000018,81,8,4.82,RU,1688866182
68,manggar,-2.8833,108.2667,28.510000000000048,76,39,6.23,ID,1688866182
69,olonkinbyen,70.9221,-8.7187,5.580000000000041,99,100,7.86,SJ,1688865921
70,pont rouge,48.8833,-72.0825,23.060000000000002,75,98,0.86,CA,1688866183
71,salacgriva,57.7536,24.3581,15.510000000000048,86,7,5.45,LV,1688866183
72,liman,48.9884,37.8023,17.970000000000027,96,100,3.26,UA,1688866184
73,tarko-sale,64.9225,77.785,16.54000000000002,68,100,5.46,RU,1688866184
74,tamanrasset,22.785,5.5228,26.950000000000045,12,0,4.12,DZ,1688866185
75,jamestown,42.097,-79.2353,22.80000000000001,68,100,0.0,US,1688866185
76,ribeira grande,38.5167,-28.7,20.99000000000001,87,64,0.89,PT,1688866185
77,palmer,42.1584,-72.3287,24.82000000000005,85,20,0.0,US,1688866186
78,lihue,21.9789,-159.3672,29.58000000000004,62,0,7.2,US,1688866186
79,ad dabbah,18.05,30.95,31.900000000000034,18,79,5.69,SD,1688866186
80,vila franca do campo,37.7167,-25.4333,18.230000000000018,73,9,0.25,PT,1688866187
81,san javier,37.8063,-0.8374,26.99000000000001,79,0,1.79,ES,1688866187
82,albany,42.6001,-73.9662,24.189999999999998,89,100,1.41,US,1688865888
83,enewetak,11.3474,162.3373,28.5,80,99,6.89,MH,1688866188
84,grytviken,-54.2811,-36.5092,-5.599999999999966,84,96,5.54,GS,1688866188
85,vilyuysk,63.7553,121.6247,19.180000000000007,37,24,3.44,RU,1688866189
86,rio gallegos,-51.6226,-69.2181,0.03000000000002956,86,0,5.14,AR,1688866189
87,bin yauri,10.7823,4.8114,22.370000000000005,84,100,2.09,NG,1688866190
88,luderitz,-26.6481,15.1594,12.420000000000016,66,0,7.83,NA,1688866190
89,vorgashor,67.5833,63.95,7.270000000000039,72,100,2.64,RU,1688866191
90,al hudaydah,14.7978,42.9545,32.170000000000016,57,100,5.21,YE,1688866191
91,uturoa,-16.7333,-151.4333,26.870000000000005,80,12,8.04,PF,1688866192
92,cestos city,5.46,-9.5828,24.700000000000045,89,96,3.08,LR,1688866192
93,tura,25.5198,90.2201,24.900000000000034,92,97,2.43,IN,1688866192
94,richfield,44.8833,-93.283,24.140000000000043,43,20,5.14,US,1688866054
95,machico,32.7,-16.7667,22.620000000000005,88,20,1.03,PT,1688866193
96,petropavlovsk-kamchatsky,53.0452,158.6483,19.33000000000004,77,75,6.0,RU,1688866193
97,barra do garcas,-15.89,-52.2567,20.78000000000003,47,0,0.77,BR,1688866194
98,avarua,-21.2078,-159.775,26.03000000000003,89,75,6.17,CK,1688866194
99,remire-montjoly,4.9167,-52.2667,25.02000000000004,88,0,0.0,GF,1688866195
100,luganville,-15.5333,167.1667,27.49000000000001,68,54,4.82,VU,1688866195
101,codrington,-38.2667,141.9667,14.020000000000039,78,12,8.49,AU,1688866195
102,luanco,43.6152,-5.7934,18.710000000000036,93,100,1.91,ES,1688866196
103,colonia,50.9333,6.95,23.870000000000005,71,0,0.51,DE,1688866096
104,crane,31.3974,-102.3501,33.650000000000034,33,2,8.93,US,1688866197
105,margate,51.3813,1.3862,19.27000000000004,85,100,0.45,GB,1688866197
106,margaret river,-33.95,115.0667,15.060000000000002,70,100,6.51,AU,1688866198
107,tenja,45.4981,18.7472,19.129999999999995,94,0,1.03,HR,1688866198
108,bamor kalan,24.9,78.15,25.879999999999995,90,100,4.8,IN,1688866199
109,kendari,-3.945,122.4989,26.600000000000023,81,68,0.79,ID,1688866199
110,san fernando,15.0286,120.6898,31.850000000000023,65,100,1.49,PH,1688866199
111,jinan,36.6683,116.9972,33.82000000000005,46,0,1.95,CN,1688866200
112,udachny,66.4167,112.4,25.060000000000002,37,29,7.93,RU,1688866201
113,ust-nera,64.5667,143.2,9.770000000000039,72,100,4.67,RU,1688866201
114,klyuchi,52.2667,79.1667,22.24000000000001,52,0,3.44,RU,1688866203
115,shiqian,27.5225,108.2281,25.53000000000003,94,100,1.58,CN,1688866204
116,lepsy,46.235,78.9456,21.360000000000014,59,100,5.63,KZ,1688866205
117,manzanares,38.9991,-3.3699,24.230000000000018,33,0,0.35,ES,1688865928
118,bathsheba,13.2167,-59.5167,27.340000000000032,89,20,7.72,BB,1688866207
119,bodo,67.28,14.405,10.020000000000039,93,100,1.03,NO,1688866208
120,kapuskasing,49.4169,-82.4331,18.05000000000001,63,75,2.57,CA,1688866209
121,kawm umbu,24.4767,32.9463,30.220000000000027,23,53,4.99,EG,1688866209
122,possneck,50.6936,11.5923,20.230000000000018,63,2,1.43,DE,1688866210
123,turpan,42.9333,89.1667,33.59000000000003,25,100,2.65,CN,1688866210
124,pitimbu,-7.4706,-34.8086,24.33000000000004,84,35,3.66,BR,1688866033
125,puerto colombia,10.9878,-74.9547,28.05000000000001,81,97,6.55,CO,1688866211
126,saipan,15.1355,145.701,29.390000000000043,100,75,7.72,MP,1688866212
127,tolanaro,-25.0319,46.9987,21.04000000000002,73,20,3.6,MG,1688866212
128,gunjur,13.2019,-16.7339,28.04000000000002,89,40,0.0,GM,1688866213
129,cabo san lucas,22.8909,-109.9124,31.400000000000034,72,75,5.14,MX,1688866214
130,mount pearl,47.5166,-52.7813,17.470000000000027,92,40,0.0,CA,1688866214
131,christchurch,-43.5333,172.6333,12.170000000000016,94,100,3.6,NZ,1688866173
132,mejit,10.2753,170.8646,28.090000000000032,76,100,8.84,MH,1688866216
133,general acha,-37.377,-64.6043,8.410000000000025,85,100,3.19,AR,1688866216
134,galle,6.0367,80.217,26.57000000000005,88,91,4.24,LK,1688866217
135,bardai,11.65,7.2333,23.189999999999998,80,100,3.27,NG,1688866217
136,chicholi,21.4667,79.6833,24.83000000000004,90,100,3.31,IN,1688866217
137,karratha,-20.7377,116.8463,20.74000000000001,23,3,9.83,AU,1688866218
138,aykhal,66.0,111.5,23.710000000000036,38,77,7.58,RU,1688866218
139,carinhanha,-14.3047,-43.765,23.220000000000027,45,17,1.86,BR,1688866219
140,colares,38.7992,-9.4469,19.310000000000002,80,0,5.36,PT,1688866220
141,hailey,43.5196,-114.3153,26.05000000000001,40,3,4.47,US,1688866220
142,maribo,54.7766,11.5002,13.300000000000011,91,0,3.07,DK,1688866221
143,pizarro,4.9533,-77.366,26.260000000000048,84,29,2.52,CO,1688866221
144,utrik,11.2278,169.8474,28.04000000000002,79,98,7.73,MH,1688866221
145,keflavik,64.0049,-22.5624,12.240000000000009,76,75,2.06,IS,1688866222
146,la'ie,21.6477,-157.9253,30.980000000000018,64,94,1.79,US,1688866222
147,portland,45.5234,-122.6762,26.960000000000036,53,20,4.63,US,1688866141
148,atafu village,-8.5421,-172.5159,28.760000000000048,74,71,8.38,TK,1688866223
149,papatowai,-46.5619,169.4708,10.220000000000027,80,100,0.29,NZ,1688866224
150,rengasdengklok,-6.1592,107.2981,25.07000000000005,75,38,3.19,ID,1688866224
151,aasiaat,68.7098,-52.8699,4.230000000000018,91,100,2.03,GL,1688866225
152,jinshi,29.6049,111.8701,29.879999999999995,77,100,6.6,CN,1688866225
153,upington,-28.4478,21.2561,5.210000000000036,75,40,3.09,ZA,1688866226
154,puerto ayacucho,5.6639,-67.6236,24.439999999999998,90,100,1.12,VE,1688866226
155,paita,-5.0892,-81.1144,22.720000000000027,80,100,8.52,PE,1688866227
156,rosso,16.4986,-15.8153,26.310000000000002,67,83,5.49,SN,1688866227
157,mar del plata,-38.0023,-57.5575,9.410000000000025,75,0,4.92,AR,1688866228
158,tera,14.0078,0.7531,30.400000000000034,50,39,7.55,NE,1688866228
159,caleta de carquin,-11.0925,-77.6267,20.010000000000048,80,18,4.79,PE,1688866229
160,holualoa,19.6228,-155.9522,25.910000000000025,76,100,3.09,US,1688866229
161,chonchi,-42.6128,-73.8092,8.560000000000002,94,100,3.52,CL,1688866231
162,tindouf,27.6711,-8.1474,27.25,36,0,6.17,DZ,1688866231
163,pandan,14.0453,124.1694,28.720000000000027,80,97,3.65,PH,1688866232
164,fort bragg,35.139,-79.006,26.32000000000005,80,20,1.54,US,1688866232
165,carnarvon,-24.8667,113.6333,18.58000000000004,38,3,5.71,AU,1688866233
166,port blair,11.6667,92.75,25.02000000000004,94,75,1.03,IN,1688866233
167,moyynkum,44.2914,72.9469,25.360000000000014,39,3,3.09,KZ,1688866234
168,uacu cungo,-11.3634,15.1208,12.340000000000032,43,10,0.75,AO,1688866234
169,rajanpur,29.1035,70.325,33.29000000000002,50,85,3.29,PK,1688866235
170,kidal,18.4411,1.4078,32.120000000000005,30,3,2.34,ML,1688866235
171,san patricio,28.017,-97.5169,31.410000000000025,79,0,6.66,US,1688866236
172,riohacha,11.5444,-72.9072,27.860000000000014,75,100,5.13,CO,1688866081
173,chilakalurupet,16.0833,80.1667,29.730000000000018,61,100,3.68,IN,1688866237
174,kodaikanal,10.2333,77.4833,14.950000000000045,77,100,0.76,IN,1688866237
175,plouzane,48.3833,-4.6167,17.100000000000023,91,0,3.09,FR,1688866237
176,charters towers,-20.1,146.2667,21.560000000000002,23,28,5.51,AU,1688866238
177,grantsville,40.5999,-112.4644,33.89000000000004,30,0,0.0,US,1688866239
178,nar'yan-mar,67.6713,53.087,6.110000000000014,74,100,4.7,RU,1688866239
179,igarka,67.4667,86.5833,14.54000000000002,94,100,3.99,RU,1688866239
180,afaahiti,-17.75,-149.2833,27.930000000000007,85,86,9.57,PF,1688866240
181,nemuro,43.3236,145.575,15.439999999999998,92,66,3.17,JP,1688866240
182,brookings,44.3114,-96.7984,21.730000000000018,56,0,0.0,US,1688866190
183,verkhnevilyuysk,63.4453,120.3167,20.07000000000005,37,78,2.47,RU,1688866241
184,sur,22.5667,59.5289,31.950000000000045,52,100,3.05,OM,1688866242
185,constantia,44.1833,28.65,19.379999999999995,62,97,10.1,RO,1688866243
186,east london,-33.0153,27.9116,12.82000000000005,59,3,7.48,ZA,1688866243
187,rumbek,6.802,29.6912,20.410000000000025,91,41,1.76,SS,1688866244
188,karatsu,33.4425,129.9697,26.060000000000002,80,100,1.34,JP,1688866245
189,tarawa,1.419,172.984,31.05000000000001,79,100,2.06,KI,1688866245
190,kita,13.0349,-9.4895,21.55000000000001,89,100,7.87,ML,1688866245
191,pyu,18.4833,96.4333,28.110000000000014,81,100,3.22,MM,1688866246
192,hobyo,5.3505,48.5268,25.03000000000003,73,66,10.26,SO,1688866246
193,hadibu,12.65,54.0333,24.890000000000043,82,99,8.85,YE,1688866247
194,susuman,62.7833,148.1667,12.03000000000003,90,100,2.27,RU,1688866247
195,san rafael,-34.6177,-68.3301,10.28000000000003,46,15,2.85,AR,1688866248
196,khorixas,-20.3667,14.9667,13.760000000000048,41,0,2.32,NA,1688866248
197,kalabo,-14.97,22.6814,9.860000000000014,61,0,2.39,ZM,1688866248
198,castillos,-34.1667,-53.8333,10.82000000000005,78,74,1.9,UY,1688866249
199,haparanda,65.8355,24.1368,7.03000000000003,68,85,3.33,SE,1688866249
200,lodwar,3.1191,35.5973,23.78000000000003,60,34,4.88,KE,1688866250
201,forster,-32.1667,152.5167,19.650000000000034,38,0,6.78,AU,1688866250
202,cole harbour,44.6724,-63.4751,18.99000000000001,93,100,2.57,CA,1688866251
203,port lincoln,-34.7333,135.8667,14.82000000000005,71,99,6.84,AU,1688866251
204,abra pampa,-22.7205,-65.697,4.689999999999998,6,49,1.91,AR,1688866252
205,chepo,9.1667,-79.1,28.100000000000023,92,100,0.58,PA,1688866252
206,lebu,-37.6167,-73.65,9.689999999999998,76,100,0.86,CL,1688866253
207,misratah,32.3754,15.0925,27.220000000000027,55,0,3.0,LY,1688866253
208,shunyi,40.125,116.6453,31.970000000000027,37,0,3.0,CN,1688866254
209,yuzhno-kurilsk,44.0306,145.8556,17.640000000000043,79,96,3.14,RU,1688866254
210,mandideep,23.0817,77.5333,25.49000000000001,93,100,5.37,IN,1688866254
211,sisimiut,66.9395,-53.6735,8.640000000000043,85,100,1.68,GL,1688866255
212,okha,53.5739,142.9478,19.840000000000032,69,81,5.34,RU,1688866255
213,rustaq,23.3908,57.4244,34.07000000000005,30,94,1.27,OM,1688866256
214,sarkand,45.41,79.9186,20.05000000000001,66,97,1.93,KZ,1688866256
215,puerto aysen,-45.4,-72.7,0.18999999999999773,99,100,1.25,CL,1688866257
216,pacific grove,36.6177,-121.9166,24.450000000000045,76,40,6.69,US,1688865971
217,igrim,63.1906,64.4162,14.010000000000048,77,100,1.39,RU,1688866258
218,taoudenni,22.6783,-3.9836,38.01000000000005,14,0,2.25,ML,1688866258
219,coahuayana de hidalgo,18.7,-103.6583,25.100000000000023,87,98,1.22,MX,1688866259
220,onguday,50.75,86.15,15.310000000000002,86,96,0.55,RU,1688866259
221,takoradi,4.8845,-1.7554,23.840000000000032,93,98,2.76,GH,1688866260
222,invercargill,-46.4,168.35,9.520000000000039,81,100,0.59,NZ,1688866260
223,oliver,49.1831,-119.5524,33.950000000000045,21,79,2.06,CA,1688866260
224,hasaki,35.7333,140.8333,31.220000000000027,80,100,8.31,JP,1688866261
225,acarau,-2.8856,-40.12,25.27000000000004,85,0,5.63,BR,1688866261
226,guerrero negro,27.9769,-114.0611,18.379999999999995,77,0,7.52,MX,1688866262
227,san antonio de pale,-1.4014,5.6325,23.25,86,100,4.85,GQ,1688866262
228,talnakh,69.4865,88.3972,14.560000000000002,96,100,2.8,RU,1688866263
229,kaiyuan,23.6977,103.3037,25.340000000000032,68,100,2.43,CN,1688866263
230,boundiali,9.5217,-6.4869,22.620000000000005,85,100,1.59,CI,1688866264
231,hammerfest,70.6634,23.6821,7.25,81,0,2.06,NO,1688866265
232,kiboga,0.9161,31.7742,16.99000000000001,77,97,0.56,UG,1688866265
233,svobodnyy,51.4,128.1333,28.74000000000001,44,99,2.55,RU,1688866266
234,mount gambier,-37.8333,140.7667,14.010000000000048,71,81,5.8,AU,1688866266
235,tralee,52.2704,-9.7026,13.100000000000023,84,100,3.08,IE,1688866267
236,tondano,1.3038,124.9112,23.05000000000001,65,97,1.3,ID,1688866267
237,porto murtinho,-21.6989,-57.8825,25.390000000000043,54,94,1.7,BR,1688866268
238,roanoke,37.271,-79.9414,26.629999999999995,85,40,3.09,US,1688866008
239,prince albert,53.2001,-105.7677,22.970000000000027,46,75,6.69,CA,1688866203
240,kailua-kona,19.6406,-155.9956,27.980000000000018,81,100,3.09,US,1688866269
241,rudnya,54.947,31.0934,11.100000000000023,93,0,2.87,RU,1688866270
242,aleg,17.0481,-13.9209,30.33000000000004,46,28,6.87,MR,1688866270
243,lompoc,34.6391,-120.4579,20.939999999999998,78,100,8.23,US,1688866271
244,tsiombe,-25.3,45.4833,17.840000000000032,73,0,2.38,MG,1688866271
245,rzhanitsa,53.4284,33.923,12.670000000000016,80,100,2.76,RU,1688866272
246,ji'an,27.1172,114.9793,32.54000000000002,58,99,5.29,CN,1688866272
247,stanley,54.868,-1.6985,16.27000000000004,94,20,2.06,GB,1688866273
248,altay,47.8667,88.1167,22.03000000000003,42,99,1.44,CN,1688866273
249,ar ruways,24.1103,52.7306,30.510000000000048,74,9,3.99,AE,1688866274
250,phek,25.6667,94.5,18.49000000000001,96,100,0.14,IN,1688866274
251,sereflikochisar,38.9393,33.5386,17.390000000000043,75,10,5.22,TR,1688866275
252,lethbridge,49.7,-112.8186,29.27000000000004,26,20,3.09,CA,1688866275
253,cherykaw,53.5692,31.3793,11.420000000000016,86,6,2.92,BY,1688866276
254,flin flon,54.7682,-101.865,16.090000000000032,90,100,2.03,CA,1688866276
255,nyurba,63.2842,118.3319,20.57000000000005,43,97,1.53,RU,1688866277
256,ardabil,38.2498,48.2933,13.75,62,40,3.09,IR,1688866277
257,selkirk,50.1436,-96.8845,22.08000000000004,58,100,3.88,CA,1688866092
258,patacamaya,-17.2333,-67.9167,7.270000000000039,55,5,2.28,BO,1688866279
259,vuktyl,63.8567,57.3094,11.730000000000018,81,100,3.49,RU,1688866280
260,keetmanshoop,-26.5833,18.1333,5.510000000000048,70,0,5.14,NA,1688866280
261,palora,-1.7,-77.9333,18.160000000000025,96,87,0.96,EC,1688866281
262,pariaman,-0.619,100.12,26.03000000000003,71,76,1.31,ID,1688866281
263,badger,64.8,-147.5333,19.430000000000007,46,20,6.69,US,1688866282
264,iskateley,67.6803,53.1512,6.060000000000002,74,100,4.7,RU,1688866282
265,dudinka,69.4058,86.1778,14.79000000000002,70,100,3.15,RU,1688866284
266,assab,13.0092,42.7394,33.08000000000004,63,81,4.97,ER,1688866284
267,sibiti,-3.6819,13.3499,17.07000000000005,94,51,0.74,CG,1688866285
268,qarauyl,48.9451,79.255,19.930000000000007,53,63,4.97,KZ,1688866285
269,port elizabeth,-33.918,25.5701,11.160000000000025,59,0,8.75,ZA,1688866286
270,manay,7.215,126.5397,29.370000000000005,69,72,1.71,PH,1688866287
271,togur,58.3631,82.8265,16.720000000000027,92,100,4.03,RU,1688866287
272,changping,40.2186,116.2197,31.80000000000001,27,6,2.8,CN,1688866288
273,kapa'a,22.0752,-159.319,29.99000000000001,70,0,7.2,US,1688866288
274,nadym,65.5333,72.5167,12.510000000000048,59,100,4.27,RU,1688866288
275,bastia,42.6667,9.3333,23.890000000000043,73,0,2.06,FR,1688866289
276,egilsstadir,65.2653,-14.3948,14.950000000000045,88,0,1.54,IS,1688866289
277,jayapura,-2.5333,140.7,29.660000000000025,79,100,1.98,ID,1688866290
278,ulety,51.3572,112.4849,22.970000000000027,59,63,0.81,RU,1688866291
279,la sarre,48.8002,-79.1996,16.879999999999995,84,93,3.65,CA,1688866070
280,callao,-12.0667,-77.15,21.160000000000025,73,40,5.66,PE,1688866060
281,vanimo,-2.6741,141.3028,25.25,91,100,2.38,PG,1688866292
282,macusani,-14.0833,-70.4333,2.2600000000000477,82,0,1.49,PE,1688866293
283,hamilton,39.1834,-84.5333,23.890000000000043,89,75,1.54,US,1688866294
284,puerto penasco,31.3167,-113.5333,30.510000000000048,69,0,3.13,MX,1688866069
285,kachug,53.9606,105.8817,24.78000000000003,57,32,1.99,RU,1688866295
286,vizinga,61.0749,50.1031,15.550000000000011,96,100,2.52,RU,1688866295
287,broken hill,-31.95,141.4333,13.680000000000007,57,0,5.1,AU,1688866268
288,kaa-khem,51.6833,94.7333,21.610000000000014,61,3,1.42,RU,1688866296
289,sao jose,-28.2333,-49.1667,15.740000000000009,98,100,0.61,BR,1688866085
290,tottori,35.5,134.2333,26.04000000000002,89,75,1.54,JP,1688866044
291,bengkulu,-3.8004,102.2655,26.75,78,12,0.94,ID,1688866298
292,zambezi,-13.5432,23.1047,9.640000000000043,63,0,2.44,ZM,1688866298
293,praia da vitoria,38.7333,-27.0667,19.310000000000002,88,0,2.21,PT,1688866299
294,mahina,-17.5065,-149.489,28.870000000000005,61,75,2.06,PF,1688866299
295,aban,56.67,96.06,22.660000000000025,69,93,2.41,RU,1688866299
296,riachao,-7.3619,-46.6172,25.79000000000002,53,62,1.18,BR,1688866300
297,corinto,37.9407,22.9573,24.379999999999995,54,0,1.92,GR,1688866300
298,bad duben,51.5917,12.5849,21.400000000000034,57,74,2.18,DE,1688866301
299,kalmunai,7.4167,81.8167,28.110000000000014,69,99,1.02,LK,1688866301
300,porto novo,6.4965,2.6036,24.900000000000034,95,93,2.03,BJ,1688866302
301,stephenville,32.2207,-98.2023,34.31,38,0,0.0,US,1688866302
302,alaghsas,17.0187,8.0168,31.33000000000004,40,29,2.3,NE,1688866303
303,vallenar,-28.5708,-70.7581,13.090000000000032,50,100,0.5,CL,1688866303
304,dryden,49.7833,-92.7503,18.160000000000025,42,0,3.09,CA,1688866303
305,yakeshi,49.2833,120.7333,21.260000000000048,76,100,2.99,CN,1688866304
306,labytnangi,66.6572,66.4183,12.420000000000016,85,100,1.29,RU,1688866304
307,bontang,0.1333,117.5,26.220000000000027,82,100,0.86,ID,1688866305
308,evergreen,39.6333,-105.3172,20.32000000000005,72,40,0.45,US,1688866305
309,takayama,36.1333,137.25,23.08000000000004,99,100,2.04,JP,1688866305
310,sai kung,22.3822,114.2728,32.68000000000001,83,25,0.89,CN,1688866306
311,lata,40.1629,-8.3327,16.150000000000034,97,3,0.72,PT,1688866306
312,grand falls-windsor,48.9332,-55.6649,17.32000000000005,95,100,1.56,CA,1688866307
313,smiltene,57.4244,25.9016,13.080000000000041,99,34,2.64,LV,1688866307
314,cockburn town,21.4612,-71.1419,28.230000000000018,77,5,8.37,TC,1688866307
315,wuwei,37.9281,102.6414,28.27000000000004,25,0,2.0,CN,1688866308
316,yeppoon,-23.1333,150.7333,21.810000000000002,34,22,3.04,AU,1688866308
317,ivdel',60.6911,60.4206,16.350000000000023,96,97,0.43,RU,1688866309
318,la mira,18.035,-102.3266,26.54000000000002,84,49,2.5,MX,1688866309
319,millom,54.2107,-3.272,15.57000000000005,87,100,1.12,GB,1688866310
320,hakha,22.65,93.6167,18.870000000000005,90,100,0.82,MM,1688866310
321,labuan,5.2767,115.2417,27.200000000000045,83,20,1.54,MY,1688866310
322,odienne,9.51,-7.5692,22.700000000000045,93,100,0.91,CI,1688866311
323,princeville,45.7668,-61.2985,21.840000000000032,87,0,2.06,CA,1688866311
324,selfoss,63.9331,-20.9971,12.25,70,84,1.41,IS,1688866312
325,bintulu,3.1667,113.0333,27.230000000000018,83,20,0.0,MY,1688866312
326,chongwe,-15.3292,28.682,10.420000000000016,73,0,0.79,ZM,1688866312
327,ridder,50.355,83.5133,18.04000000000002,82,11,1.09,KZ,1688866313
328,damghan,36.1683,54.348,25.80000000000001,19,0,1.85,IR,1688866313
329,morehead city,34.7229,-76.726,28.33000000000004,85,0,3.09,US,1688866314
330,sitka,57.0531,-135.33,16.939999999999998,59,20,9.26,US,1688866314
331,manga,11.6636,-1.0731,25.160000000000025,72,93,4.43,BF,1688866314
332,milngavie,55.9407,-4.3231,17.52000000000004,88,75,1.54,GB,1688866315
333,hilo,19.7297,-155.09,24.58000000000004,92,100,1.34,US,1688866315
334,cidade velha,14.9167,-23.6167,26.260000000000048,83,75,7.2,CV,1688866316
335,nuuk,64.1835,-51.7216,8.340000000000032,76,100,2.57,GL,1688866316
336,touros,-5.1989,-35.4608,24.05000000000001,90,10,4.1,BR,1688866316
337,yermentau,51.6214,73.1069,20.950000000000045,46,66,2.76,KZ,1688866317
338,polyarnyy,69.1989,33.4478,6.560000000000002,72,100,4.29,RU,1688866317
339,horodenka,48.6727,25.5016,13.490000000000009,83,95,2.91,UA,1688866318
340,askoy,60.4092,5.226,16.08000000000004,50,0,0.51,NO,1688866318
341,chibougamau,49.9168,-74.3659,21.79000000000002,60,100,1.54,CA,1688866318
342,akbarabad,29.2464,52.7793,22.79000000000002,30,0,1.11,IR,1688866319
343,talara,-4.5772,-81.2719,24.420000000000016,78,40,7.72,PE,1688866320
344,abadan,30.3392,48.3043,34.97000000000003,20,0,4.12,IR,1688866207
345,dakhla,23.6848,-15.958,19.75,91,6,10.05,EH,1688866322
346,charlottetown,46.2352,-63.1267,24.29000000000002,85,75,1.54,CA,1688866077
347,eureka,40.8021,-124.1637,22.600000000000023,76,1,2.68,US,1688866235
348,xai-xai,-25.0519,33.6442,17.960000000000036,49,0,5.82,MZ,1688866323
349,ust'-kut,56.7938,105.7672,25.25,44,3,1.72,RU,1688866324
350,zakharivka,47.3333,29.75,16.900000000000034,66,100,7.85,UA,1688866324
351,aripuana,-9.1667,-60.6333,23.960000000000036,50,2,0.5,BR,1688866325
352,howrah,22.5892,88.3103,29.0,89,40,3.09,IN,1688866325
353,kampung sungai ara,5.327,100.2735,28.27000000000004,90,40,1.03,MY,1688866326
354,port saint john's,-31.6229,29.5448,15.700000000000045,62,98,7.07,ZA,1688866326
355,gizo,-8.103,156.8419,28.310000000000002,80,92,8.15,SB,1688866327
356,port alfred,-33.5906,26.891,9.54000000000002,74,17,1.79,ZA,1688866328
357,kone,-21.0595,164.8658,23.30000000000001,63,100,3.44,NC,1688866328
358,acapulco de juarez,16.8634,-99.8901,29.900000000000034,70,100,4.12,MX,1688866089
359,meridian,43.6121,-116.3915,34.620000000000005,24,0,4.63,US,1688866261
360,bac giang,21.2667,106.2,29.04000000000002,58,68,6.13,VN,1688866329
361,astara,38.5,48.6667,19.390000000000043,34,44,1.38,AZ,1688866330
362,fale old settlement,-9.3852,-171.2468,28.460000000000036,76,96,6.92,TK,1688866331
363,opuwo,-18.0607,13.84,13.720000000000027,38,0,2.24,NA,1688866331
364,aver-o-mar,41.4078,-8.7812,16.840000000000032,94,20,0.0,PT,1688866332
365,dogondoutchi,13.6393,4.0287,30.110000000000014,55,98,7.45,NE,1688866333
366,st. john's,47.5649,-52.7093,17.930000000000007,93,40,0.0,CA,1688866204
367,island harbour,50.724,-1.2758,16.210000000000036,94,92,2.57,GB,1688866333
368,kedougou,12.5579,-12.1743,24.379999999999995,86,99,1.56,SN,1688866334
369,leava,-14.3,-178.1667,27.480000000000018,74,91,7.81,WF,1688866334
370,namibe,-15.1961,12.1522,17.25,85,0,0.49,AO,1688866335
371,mococa,-21.4678,-47.0047,17.660000000000025,53,50,1.95,BR,1688866335
372,naliya,23.2667,68.8333,28.400000000000034,84,100,3.74,IN,1688866336
373,great falls,47.5002,-111.3008,28.25,26,0,2.57,US,1688866090
374,fortuna,40.5982,-124.1573,17.74000000000001,75,75,6.17,US,1688866338
375,priozersk,61.0393,30.1291,12.830000000000041,90,100,4.47,RU,1688866338
376,la ferte-sous-jouarre,48.9514,3.1272,23.32000000000005,79,17,1.96,FR,1688866339
377,san luis,-33.295,-66.3356,10.330000000000041,70,18,2.21,AR,1688866278
378,lubango,-14.9172,13.4925,8.920000000000016,61,0,2.57,AO,1688866339
379,serdar,38.9764,56.2757,29.360000000000014,17,0,5.45,TM,1688866340
380,kushiro,42.975,144.3747,19.53000000000003,88,75,5.14,JP,1688866273
381,suchiapa,16.6167,-93.0833,27.180000000000007,69,75,2.57,MX,1688866342
382,bilovods'k,49.2085,39.5897,19.58000000000004,90,100,4.55,UA,1688866344
383,preobrazheniye,42.9019,133.9064,24.310000000000002,64,52,4.87,RU,1688866345
384,zhangzhou,24.5133,117.6556,32.960000000000036,58,36,1.36,CN,1688866345
385,istanbul,41.0351,28.9833,21.700000000000045,60,75,4.63,TR,1688866200
386,port macquarie,-31.4333,152.9167,20.5,35,0,2.96,AU,1688866346
387,laascaanood,8.4774,47.3597,23.04000000000002,57,74,14.16,SO,1688866347
388,tabou,4.423,-7.3528,24.720000000000027,86,100,3.13,CI,1688866348
389,oamaru,-45.0784,170.9801,9.650000000000034,94,92,5.56,NZ,1688866348
390,riviere-du-loup,47.8304,-69.5342,22.150000000000034,78,100,0.51,CA,1688866334
391,mokhsogollokh,61.4681,128.9203,18.310000000000002,35,0,5.88,RU,1688866349
392,paka,4.6374,103.4368,26.960000000000036,89,20,0.0,MY,1688866350
393,uyovu,-3.2833,31.5258,15.910000000000025,62,6,0.61,TZ,1688866350
394,marlin,31.3063,-96.898,35.370000000000005,46,64,5.19,US,1688866226
395,castlegar,49.2998,-117.6689,32.379999999999995,37,9,1.05,CA,1688866351
396,conception bay south,47.4999,-52.9981,17.80000000000001,91,46,0.69,CA,1688866206
397,mata-utu,-13.2816,-176.1745,27.82000000000005,75,56,8.08,WF,1688866352
398,la maddalena,41.2142,9.4083,24.03000000000003,85,0,1.83,IT,1688866352
399,safford,32.834,-109.7076,41.51000000000005,14,0,8.75,US,1688866353
400,gaalkacyo,6.7697,47.4308,24.180000000000007,62,98,10.22,SO,1688866353
401,lensk,60.7253,114.9278,23.850000000000023,35,5,2.15,RU,1688866354
402,santa cruz do rio pardo,-22.8989,-49.6325,19.590000000000032,63,72,1.06,BR,1688866354
403,alofi,-19.0595,-169.9187,27.939999999999998,69,18,4.12,NU,1688866355
404,norfolk,42.1668,-71.2495,24.5,87,99,1.61,US,1688866355
405,yamada,39.4667,141.95,26.390000000000043,76,100,1.8,JP,1688866356
406,paradip garh,20.3167,86.6167,30.230000000000018,71,91,3.42,IN,1688866356
407,ketchikan,55.3422,-131.6461,15.260000000000048,82,40,5.14,US,1688866357
408,merizo village,13.2658,144.6691,31.310000000000002,84,92,6.69,GU,1688866357
409,taroa,8.7058,171.2275,28.189999999999998,78,28,9.25,MH,1688866357
410,kenora,49.8167,-94.4337,18.54000000000002,52,75,3.6,CA,1688866342
411,labrador city,52.9463,-66.9114,15.950000000000045,72,40,1.54,CA,1688866358
412,dwarka,22.2394,68.9678,28.57000000000005,81,99,5.96,IN,1688866359
413,landeck,47.1301,10.5636,15.340000000000032,85,13,1.51,AT,1688866359
414,benisheikh,11.8072,12.4909,26.860000000000014,59,98,3.03,NG,1688866359
415,embi,48.8264,58.1442,29.180000000000007,26,54,3.38,KZ,1688866360
416,preston,53.7667,-2.7167,17.590000000000032,95,100,0.73,GB,1688866360
417,sakaiminato,35.55,133.2333,24.99000000000001,100,75,2.06,JP,1688866342
418,acajutla,13.5928,-89.8275,27.54000000000002,81,100,2.41,SV,1688866361
419,san julian,21.0167,-102.1667,18.370000000000005,70,82,6.22,MX,1688866361
420,sudak,44.85,34.9667,21.410000000000025,85,100,3.08,UA,1688866362
421,miyang,24.4042,103.4428,23.379999999999995,81,100,3.18,CN,1688866362
422,mariehamn,60.0973,19.9348,15.460000000000036,100,0,2.06,AX,1688866363
423,vadso,70.0744,29.7487,7.490000000000009,87,100,2.57,NO,1688866363
424,nova sintra,14.8667,-24.7167,22.420000000000016,87,89,5.66,CV,1688866364
425,turtas,58.9417,69.1325,17.340000000000032,67,66,1.69,RU,1688866364
426,sao joao da barra,-21.6403,-41.0511,21.629999999999995,77,12,3.94,BR,1688866179
427,harper,4.375,-7.7169,24.610000000000014,87,100,3.34,LR,1688866365
428,shaydon,40.6747,70.346,23.720000000000027,37,2,2.06,TJ,1688866366
429,westport,41.1415,-73.3579,25.710000000000036,85,0,2.57,US,1688866366
430,meget,52.415,104.0494,20.420000000000016,81,100,1.14,RU,1688866367
431,kiruhura,-2.4773,29.7679,12.560000000000002,80,0,1.35,RW,1688866367
432,uliastay,47.7417,96.8444,21.52000000000004,38,85,1.2,MN,1688866368
433,little falls,40.869,-74.2082,26.0,85,75,2.06,US,1688866368
434,taro,-8.3862,115.28,24.0,88,97,1.65,ID,1688866368
435,mombetsu,44.3525,143.3525,25.010000000000048,78,75,2.06,JP,1688866282
436,mehran,33.1222,46.1646,32.79000000000002,16,0,3.04,IR,1688866518
437,rakops,-21.0167,24.3333,13.600000000000023,42,0,1.25,BW,1688866519
438,kirakira,-10.4544,161.9205,28.879999999999995,75,100,6.05,SB,1688866519
439,kodiak,57.79,-152.4072,15.730000000000018,55,40,4.12,US,1688866519
440,kaele,10.1092,14.4508,24.379999999999995,74,95,1.16,CM,1688866520
441,ardud,47.6333,22.8833,14.330000000000041,88,0,1.54,RO,1688866521
442,isabela,6.7085,121.9711,27.03000000000003,88,100,1.06,PH,1688866521
443,cabarroguis,16.5833,121.5,30.08000000000004,69,100,1.12,PH,1688866521
444,necochea,-38.5473,-58.7368,6.57000000000005,83,100,3.66,AR,1688866522
445,meadville,41.6414,-80.1515,22.57000000000005,86,40,0.0,US,1688866523
446,miro khan,27.7599,68.0921,34.25,40,94,2.78,PK,1688866523
447,aral,40.5156,81.2636,28.08000000000004,25,100,4.94,CN,1688866523
448,tutoia,-2.7619,-42.2744,25.450000000000045,87,76,4.08,BR,1688866322
449,male,4.1748,73.5089,28.970000000000027,79,40,4.12,MV,1688866378
450,sabha,27.0377,14.4283,27.650000000000034,28,98,4.71,LY,1688866525
451,cooma,-36.2333,149.1333,10.29000000000002,62,16,7.26,AU,1688866229
452,caconda,-13.7333,15.0667,9.920000000000016,41,0,1.49,AO,1688866526
453,pacocha,-17.5833,-71.3333,16.160000000000025,81,66,1.14,PE,1688866526
454,tofol,5.3248,163.0078,30.879999999999995,74,100,4.63,FM,1688866527
455,sao gabriel da cachoeira,-0.1303,-67.0892,23.629999999999995,89,52,0.54,BR,1688866527
456,pisco,-13.7,-76.2167,20.03000000000003,73,0,6.69,PE,1688866527
457,prince rupert,54.3161,-130.3201,14.050000000000011,91,100,3.6,CA,1688866530
458,mana,5.6592,-53.7767,25.420000000000016,87,13,2.2,GF,1688866530
459,pimentel,-6.8367,-79.9342,23.160000000000025,83,40,5.66,PE,1688866531
460,ilha de mocambique,-15.0342,40.7358,22.810000000000002,72,69,1.64,MZ,1688866531
461,natal,-5.795,-35.2094,24.360000000000014,100,20,1.54,BR,1688866367
462,yichang,30.7144,111.2847,29.74000000000001,75,100,1.06,CN,1688866532
463,indianola,41.3581,-93.5574,22.890000000000043,77,56,3.09,US,1688866533
464,maputo,-25.9653,32.5892,18.82000000000005,52,0,3.6,MZ,1688866533
465,belmonte,-15.8631,-38.8828,23.08000000000004,86,37,3.64,BR,1688866534
466,kavaratti,10.5669,72.642,28.25,74,100,7.02,IN,1688866534
467,gemena,3.25,19.7667,20.33000000000004,97,78,0.71,CD,1688866536
468,zaozersk,69.4005,32.4476,6.03000000000003,73,100,3.93,RU,1688866536
469,kirensk,57.7853,108.1119,24.090000000000032,46,92,3.3,RU,1688866536
470,greymouth,-42.4667,171.2,12.75,86,100,0.77,NZ,1688866537
471,puerto baquerizo moreno,-0.9,-89.6,24.950000000000045,79,73,6.4,EC,1688866537
472,bac lieu,9.285,105.7244,29.210000000000036,74,21,3.11,VN,1688866538
473,huilong,31.8111,121.655,28.25,85,100,2.29,CN,1688866538
474,potosi,-19.5836,-65.7531,6.140000000000043,14,9,1.81,BO,1688866539
475,nyachera,-0.9,30.4167,15.420000000000016,70,28,0.92,UG,1688866539
476,sinop,41.7711,34.8709,16.77000000000004,90,99,3.71,TR,1688866539
477,alta,69.9689,23.2717,10.590000000000032,71,64,0.0,NO,1688866540
478,cienfuegos,22.1461,-80.4356,28.08000000000004,83,99,1.03,CU,1688866540
479,kuraymah,18.55,31.85,31.02000000000004,17,69,4.38,SD,1688866541
480,viedma,-40.8135,-62.9967,7.840000000000032,83,100,2.79,AR,1688866541
481,waajid,3.8096,43.2463,21.02000000000004,83,54,7.48,SO,1688866541
482,okhotsk,59.3833,143.3,17.350000000000023,63,9,6.45,RU,1688866542
483,osvaldo cruz,-21.7967,-50.8786,20.129999999999995,59,53,1.91,BR,1688866542
484,kyzyl-mazhalyk,51.1333,90.6,20.07000000000005,53,9,0.53,RU,1688866543
485,tadine,-21.55,167.8833,22.060000000000002,59,88,4.94,NC,1688866543
486,bakchar,57.0186,82.0711,18.29000000000002,75,76,3.93,RU,1688866544
487,mogocha,53.7333,119.7667,25.74000000000001,33,7,4.15,RU,1688866544
488,ghat,24.9647,10.1728,27.950000000000045,16,5,2.54,LY,1688866544
489,isangel,-19.55,169.2667,24.160000000000025,74,65,6.0,VU,1688866454
490,rivera,-30.9053,-55.5508,13.550000000000011,93,96,2.81,UY,1688866545
491,senise,40.1471,16.2889,19.100000000000023,56,0,1.16,IT,1688866546
492,xining,36.6167,101.7667,21.79000000000002,50,4,0.94,CN,1688866546
493,quelimane,-17.8786,36.8883,18.590000000000032,93,49,1.9,MZ,1688866546
494,beledweyne,4.7358,45.2036,23.660000000000025,67,47,7.66,SO,1688866547
495,ihosy,-22.4,46.1167,14.970000000000027,92,52,2.03,MG,1688866547
496,campo gallo,-26.5833,-62.85,16.450000000000045,88,30,1.75,AR,1688866548
497,chingirlau,51.095,54.0814,27.49000000000001,38,31,1.12,KZ,1688866548
498,coquimbo,-29.9533,-71.3436,11.850000000000023,93,0,3.09,CL,1688866549
499,naze,28.3667,129.4833,29.510000000000048,78,54,6.11,JP,1688866549
500,gakem,6.7658,8.9881,21.910000000000025,93,100,1.91,NG,1688866550
501,cidreira,-30.1811,-50.2056,16.680000000000007,84,100,4.66,BR,1688866550
502,kudahuvadhoo,2.6708,72.8944,27.720000000000027,71,2,2.36,MV,1688866551
503,bel ombre,-4.6167,55.4167,24.910000000000025,94,75,5.66,SC,1688866551
504,burela de cabo,43.65,-7.4,13.980000000000018,85,44,3.47,ES,1688866552
505,rongelap,11.1635,166.8941,28.260000000000048,79,100,7.46,MH,1688866552
506,khuzdar,27.7384,66.6434,25.720000000000027,64,33,1.2,PK,1688866553
507,cunha,-23.0744,-44.9597,16.760000000000048,59,77,0.79,BR,1688866553
508,harstad,68.799,16.5293,10.660000000000025,100,100,0.89,NO,1688866553
509,dembi dolo,8.5333,34.8,13.689999999999998,93,100,0.97,ET,1688866554
510,severnoye,56.3491,78.3619,17.950000000000045,73,8,4.51,RU,1688866554
511,rundu,-17.9333,19.7667,9.960000000000036,41,0,2.18,NA,1688866555
512,bella vista,36.4295,-94.2316,28.5,74,0,4.63,US,1688866555
513,calvinia,-31.4707,19.776,3.07000000000005,87,96,4.5,ZA,1688866556
514,paracale,14.2804,122.7881,30.390000000000043,63,93,2.65,PH,1688866556
515,cananeia,-25.0147,-47.9267,18.920000000000016,92,100,3.13,BR,1688866557
516,san jose de jachal,-30.2406,-68.7469,10.960000000000036,34,8,0.63,AR,1688866557
517,laramie,41.3114,-105.5911,18.379999999999995,65,100,4.63,US,1688866557
518,coruripe,-10.1256,-36.1756,23.230000000000018,89,67,2.76,BR,1688866558
519,berezovo,63.9381,65.0419,14.29000000000002,77,100,2.24,RU,1688866558
520,choibalsan,48.0667,114.5,22.5,61,100,4.44,MN,1688866559
521,lethem,3.3803,-59.7968,26.140000000000043,75,99,2.41,GY,1688866559
522,lorengau,-2.0226,147.2712,27.170000000000016,82,100,1.02,PG,1688866559
523,kargasok,59.0556,80.8572,18.79000000000002,68,96,5.94,RU,1688866560
524,qui nhon,13.7667,109.2333,30.03000000000003,68,3,1.56,VN,1688866560
525,traben-trarbach,49.95,7.1167,21.58000000000004,79,0,3.6,DE,1688866561
526,itoman,26.1247,127.6694,32.43000000000001,75,40,5.66,JP,1688866561
527,troitskaya,43.3056,44.9789,20.010000000000048,92,90,1.54,RU,1688866561
528,panama city beach,30.1766,-85.8055,29.010000000000048,82,65,2.24,US,1688866518
529,machina,13.1364,10.0492,30.32000000000005,43,74,1.48,NG,1688866562
530,mungwi,-10.1732,31.3694,10.680000000000007,80,0,1.85,ZM,1688866563
531,faaa,-17.55,-149.6,29.980000000000018,62,75,3.09,PF,1688866564
532,altamira,-3.2033,-52.2064,23.340000000000032,84,68,0.87,BR,1688866564
533,vilhena,-12.7406,-60.1458,20.74000000000001,58,1,1.09,BR,1688866565
534,nova vicosa,-17.8919,-39.3719,22.27000000000004,87,0,4.26,BR,1688866566
535,yarmouth,41.7057,-70.2286,23.870000000000005,94,100,1.54,US,1688866566
536,nagqu,31.5,92.0,11.129999999999995,67,100,2.89,CN,1688866567
537,mermoz boabab,14.7065,-17.4758,27.879999999999995,89,20,3.09,SN,1688866567
538,yei,4.095,30.6779,17.30000000000001,97,17,1.42,SS,1688866568
539,billings,45.7833,-108.5007,27.870000000000005,40,40,2.57,US,1688866326
540,znamenskoye,57.1281,73.8282,17.53000000000003,64,80,3.1,RU,1688866569
541,constitucion,-35.3333,-72.4167,11.410000000000025,79,100,1.85,CL,1688866445
542,kousseri,12.0769,15.0306,25.980000000000018,89,20,0.0,CM,1688866569
543,les cayes,18.2,-73.75,26.640000000000043,83,33,1.34,HT,1688866570
544,marsh harbour,26.5412,-77.0636,29.33000000000004,74,84,6.0,BS,1688866517
545,genoa,44.4129,8.9573,27.680000000000007,69,0,3.6,IT,1688866572
546,saint-joseph,-21.3667,55.6167,18.590000000000032,77,23,5.5,RE,1688866572
547,gassol,8.5333,10.4667,22.900000000000034,95,99,1.97,NG,1688866573
548,ngorongoro,-3.2397,35.4875,7.970000000000027,94,80,2.38,TZ,1688866573
549,talanga,14.4,-87.0833,26.30000000000001,88,98,1.46,HN,1688866574
550,san juan de miraflores,-12.1629,-76.9635,20.29000000000002,79,54,4.23,PE,1688866574
551,berdigestyakh,62.0989,126.6992,17.930000000000007,38,0,6.6,RU,1688866575
552,singkawang,0.9,109.0,29.27000000000004,65,44,1.4,ID,1688866575
553,sarpol-e zahab,34.4611,45.8626,28.480000000000018,20,0,3.34,IR,1688866576
554,ocean city,39.2776,-74.5746,26.100000000000023,86,90,2.24,US,1688866577
555,yaren,-0.5472,166.916,27.560000000000002,81,100,8.5,NR,1688866577
556,ploudalmezeau,48.5333,-4.65,17.210000000000036,88,0,3.09,FR,1688866578
557,ust-tsilma,65.441,52.1498,9.129999999999995,97,100,1.73,RU,1688866578
558,salym,60.0625,71.4789,17.840000000000032,64,64,2.12,RU,1688866579
559,astrakhan,46.3497,48.0408,24.950000000000045,65,0,0.0,RU,1688866579
560,timiryazevskoye,56.49,84.8769,18.53000000000003,94,100,3.38,RU,1688866580
561,khanty-mansiysk,61.0042,69.0019,17.060000000000002,67,0,1.0,RU,1688866580
562,queenstown,-31.8976,26.8753,3.75,79,55,4.21,ZA,1688866581
563,papao,-17.75,-149.55,29.82000000000005,83,43,9.17,PF,1688866581
564,rabo de peixe,37.8,-25.5833,17.730000000000018,77,20,2.06,PT,1688866582
565,malango,-2.9627,119.9001,25.33000000000004,65,11,1.75,ID,1688866582
566,lillehammer,61.1146,10.4674,13.150000000000034,75,100,1.1,NO,1688866583
567,manta,-0.95,-80.7333,26.670000000000016,78,0,8.05,EC,1688866583
568,hami,42.8,93.45,29.58000000000004,25,100,4.49,CN,1688866583
569,leh,34.1667,77.5833,9.050000000000011,96,100,2.03,IN,1688866584
570,yanam,16.7333,82.2167,29.27000000000004,70,100,2.01,IN,1688866584
571,bonga,7.2833,36.2333,15.310000000000002,98,100,0.18,ET,1688866585
572,trondheim,63.4305,10.3951,12.730000000000018,94,100,1.46,NO,1688866585
573,mohammedia,33.7066,-7.3944,24.180000000000007,100,0,2.57,MA,1688866586
574,omdurman,15.6445,32.4777,29.689999999999998,47,69,6.25,SD,1688866587
575,babayurt,43.6002,46.7789,23.57000000000005,81,88,4.69,RU,1688866587
576,revda,56.801,59.9303,20.370000000000005,67,23,2.31,RU,1688866588
577,al kut,32.5147,45.819,34.02000000000004,18,0,5.09,IQ,1688866589
578,jiangyou,31.7667,104.7167,30.04000000000002,60,9,1.49,CN,1688866589
579,quimili,-27.6333,-62.4167,18.350000000000023,80,100,2.26,AR,1688866590
580,taksimo,56.3444,114.8794,24.970000000000027,43,100,1.4,RU,1688866590
581,springs,-26.25,28.4,10.370000000000005,63,0,3.14,ZA,1688866590
582,lianjiang,21.6467,110.2817,30.83000000000004,70,44,6.18,CN,1688866424
583,cannonvale,-20.2833,148.7,19.660000000000025,45,23,7.87,AU,1688866591
584,gadzhiyevo,69.2551,33.3362,6.360000000000014,72,100,4.3,RU,1688866592
585,inverell,-29.7833,151.1167,16.480000000000018,56,0,2.68,AU,1688866592
586,es castell,39.8795,4.2854,24.379999999999995,100,20,0.51,ES,1688866593
587,kourou,5.1552,-52.6478,25.03000000000003,85,20,1.74,GF,1688866509
588,toyoshina,36.2999,137.9011,27.640000000000043,69,75,9.26,JP,1688866594
589,manado,1.487,124.8455,28.430000000000007,83,40,1.03,ID,1688866540
590,san pedro pochutla,15.7333,-96.4667,24.28000000000003,87,95,1.35,MX,1688866349
591,aldan,58.6031,125.3894,15.57000000000005,48,0,4.59,RU,1688866595
592,saint-francois,46.4154,3.9054,19.689999999999998,83,100,1.03,FR,1688866596
593,san andres,12.5847,-81.7006,29.010000000000048,84,40,8.23,CO,1688866596
594,north bend,43.4065,-124.2243,20.129999999999995,67,20,4.12,US,1688866597
595,mil'kovo,55.6078,37.7956,15.03000000000003,70,100,2.84,RU,1688866597
